{
  "auc": 0.85,
  "precision": 0.3333333333333333,
  "recall": 0.045454545454545456,
  "f1": 0.08,
  "threshold": 0.0,
  "tp": 1,
  "fp": 2,
  "tn": 18,
  "fn": 21
}