{
  "threshold": -0.23634087899669706,
  "auc": 0.9926315789473685,
  "min_consecutive": 3
}