start_ts,end_ts,total_pkts,total_bytes,unique_src,unique_dst,tcp_syn_count,udp_count,avg_pkt_len
1772552291.922297,1772552301.922297,7,648,0,0,0,0,92.57142857142857
1772552301.922297,1772552311.922297,1,76,0,0,0,0,76.0
1772552311.922297,1772552321.922297,0,0,0,0,0,0,0
1772552321.922297,1772552331.922297,1,76,0,0,0,0,76.0
1772552331.922297,1772552341.922297,0,0,0,0,0,0,0
1772552341.922297,1772552351.922297,3,144,0,0,0,0,48.0
1772552351.922297,1772552361.922297,3,144,0,0,0,0,48.0
