start_ts,end_ts,total_pkts,total_bytes,unique_src,unique_dst,tcp_syn_count,udp_count,avg_pkt_len
1772552358.562312,1772552368.562312,7,648,0,0,0,0,92.57142857142857
1772552368.562312,1772552378.562312,1,76,0,0,0,0,76.0
1772552378.562312,1772552388.562312,0,0,0,0,0,0,0
1772552388.562312,1772552398.562312,1,76,0,0,0,0,76.0
1772552398.562312,1772552408.562312,9,432,0,0,0,0,48.0
1772552408.562312,1772552418.562312,3,144,0,0,0,0,48.0
