{
  "auc": 0.5128205128205129,
  "precision": 0.8125,
  "recall": 1.0,
  "f1": 0.896551724137931,
  "threshold": -0.15419029087826275,
  "tp": 13,
  "fp": 3,
  "tn": 0,
  "fn": 0
}