{
  "n_train": 3012,
  "n_test": 754,
  "precision": 0.4457831325301205,
  "recall": 0.8043478260869565,
  "f1": 0.5736434108527132,
  "w_pos": 10.0
}