{
  "n_baseline": 102,
  "n_attack": 12,
  "errors": 1,
  "tp": 2,
  "fp": 15,
  "fn": 10,
  "precision": 0.11764705882352941,
  "recall": 0.16666666666666666,
  "f1": 0.13793103448275862
}