{
  "experiments/run_live_evasion_v1": {
    "n_baseline": 102,
    "n_attack": 12,
    "precision_before": 0.4782608695652174,
    "recall_before": 0.9166666666666666,
    "f1_before": 0.6285714285714286,
    "precision_after_attack_raw": 0.4782608695652174,
    "recall_after_attack_raw": 0.9166666666666666,
    "f1_after_attack_raw": 0.6285714285714286,
    "precision_after_cm": 0.03125,
    "recall_after_cm": 0.08333333333333333,
    "f1_after_cm": 0.045454545454545456
  },
  "experiments/run_live_evasion_v5": {
    "n_baseline": 102,
    "n_attack": 12,
    "precision_before": 0.4,
    "recall_before": 0.6666666666666666,
    "f1_before": 0.5,
    "precision_after_attack_raw": 0.3684210526315789,
    "recall_after_attack_raw": 0.5833333333333334,
    "f1_after_attack_raw": 0.45161290322580644,
    "precision_after_cm": 0.1388888888888889,
    "recall_after_cm": 0.4166666666666667,
    "f1_after_cm": 0.20833333333333334
  },
  "experiments/run_live_evasion_v9": {
    "n_baseline": 102,
    "n_attack": 12,
    "precision_before": 0.0,
    "recall_before": 0.0,
    "f1_before": 0.0,
    "precision_after_attack_raw": 0.0,
    "recall_after_attack_raw": 0.0,
    "f1_after_attack_raw": 0.0,
    "precision_after_cm": 0.2619047619047619,
    "recall_after_cm": 0.9166666666666666,
    "f1_after_cm": 0.4074074074074074
  }
}