{
  "auc": 0.9954545454545455,
  "precision": 1.0,
  "recall": 0.9545454545454546,
  "f1": 0.9767441860465116,
  "threshold": -4.476110809023203,
  "tp": 21,
  "fp": 0,
  "tn": 20,
  "fn": 1
}