{
  "scores": [
    -4.726472108962175,
    -4.81562076428512,
    -4.494885135745718,
    -4.501201150595081,
    -4.877421265184257,
    -4.878170450895544,
    -4.807738696294152,
    -4.892010246879807,
    -4.476289609167766,
    -4.888329105712336,
    -4.9284726294181125,
    -4.77056191452643,
    -4.881786586821786,
    -4.933098210370694,
    -4.7480646293995665,
    -4.891872209673501,
    -4.916116679540914,
    -4.519665446571629,
    -4.937734306649671,
    -4.933098210370694,
    -4.498624194804169,
    -4.474302940894846,
    -4.36760194191508,
    -4.434948701603114,
    -4.396916870346136,
    -4.363183475101483,
    -4.237649506378121,
    -4.305913880214334,
    -4.320270834361326,
    -4.192829992405586,
    -4.215174780723619,
    -4.189688684858051,
    -4.179211085613574,
    -3.786985574500076,
    -4.086309213777798,
    -4.061587754809981,
    -4.0632151666253105,
    -3.760213973281758,
    -3.9093316071793343,
    -3.912248159302163,
    -3.8986416952591374,
    -3.166136351420038
  ],
  "y_true": [
    0,
    0,
    0,
    0,
    0,
    0,
    0,
    0,
    0,
    0,
    0,
    0,
    0,
    0,
    0,
    0,
    0,
    0,
    0,
    0,
    1,
    1,
    1,
    1,
    1,
    1,
    1,
    1,
    1,
    1,
    1,
    1,
    1,
    1,
    1,
    1,
    1,
    1,
    1,
    1,
    1,
    1
  ]
}