{
  "per_attack": {
    "baseline": {
      "n_windows": 102,
      "n_anomalies_pred": 70,
      "precision": 1.0,
      "recall": 0.3137254901960784,
      "f1": 0.47761194029850745
    },
    "auth_bruteforce": {
      "n_windows": 12,
      "n_anomalies_pred": 11,
      "precision": 1.0,
      "recall": 0.9166666666666666,
      "f1": 0.9565217391304348
    },
    "fuzz": {
      "n_windows": 0,
      "n_anomalies_pred": 0,
      "precision": 0.0,
      "recall": 0.0,
      "f1": 0.0
    },
    "high_rate_pub": {
      "n_windows": 12,
      "n_anomalies_pred": 7,
      "precision": 1.0,
      "recall": 0.5833333333333334,
      "f1": 0.7368421052631579
    },
    "modbus_corrupt": {
      "n_windows": 12,
      "n_anomalies_pred": 12,
      "precision": 1.0,
      "recall": 1.0,
      "f1": 1.0
    },
    "modbus_replay": {
      "n_windows": 12,
      "n_anomalies_pred": 12,
      "precision": 1.0,
      "recall": 1.0,
      "f1": 1.0
    },
    "modbus_spoof": {
      "n_windows": 12,
      "n_anomalies_pred": 7,
      "precision": 1.0,
      "recall": 0.5833333333333334,
      "f1": 0.7368421052631579
    },
    "mqtt_replay": {
      "n_windows": 11,
      "n_anomalies_pred": 11,
      "precision": 1.0,
      "recall": 1.0,
      "f1": 1.0
    },
    "mqtt_spoof": {
      "n_windows": 12,
      "n_anomalies_pred": 6,
      "precision": 1.0,
      "recall": 0.5,
      "f1": 0.6666666666666666
    },
    "network_wide_mqtt_spoof": {
      "n_windows": 12,
      "n_anomalies_pred": 12,
      "precision": 1.0,
      "recall": 1.0,
      "f1": 1.0
    }
  },
  "combined": {
    "n_total": 197,
    "precision": 0.527027027027027,
    "recall": 0.8210526315789474,
    "f1": 0.6419753086419753,
    "roc_auc": 0.5089267285861714,
    "pr_auc": 0.46734336819213407
  }
}
