start_ts,end_ts,total_pkts,total_bytes,unique_src,unique_dst,tcp_syn_count,udp_count,avg_pkt_len
1772551798.638299,1772551808.638299,8,696,0,0,0,0,87.0
1772551808.638299,1772551818.638299,3,172,0,0,0,0,57.333333333333336
1772551818.638299,1772551828.638299,1,76,0,0,0,0,76.0
1772551828.638299,1772551838.638299,0,0,0,0,0,0,0
1772551838.638299,1772551848.638299,0,0,0,0,0,0,0
1772551848.638299,1772551858.638299,1,76,0,0,0,0,76.0
