start_ts,end_ts,total_pkts,total_bytes,unique_src,unique_dst,tcp_syn_count,udp_count,avg_pkt_len
1772551731.72629,1772551741.72629,7,648,0,0,0,0,92.57142857142857
1772551741.72629,1772551751.72629,4,220,0,0,0,0,55.0
1772551751.72629,1772551761.72629,0,0,0,0,0,0,0
1772551761.72629,1772551771.72629,1,76,0,0,0,0,76.0
