{
  "auc": 0.6666666666666667,
  "precision": 0.6666666666666666,
  "recall": 0.2,
  "f1": 0.3076923076923077,
  "threshold": 7.632783294297951e-17,
  "tp": 2,
  "fp": 1,
  "tn": 2,
  "fn": 8
}