{
  "auc": 0.8068181818181819,
  "precision": 0.0,
  "recall": 0.0,
  "f1": 0.0,
  "threshold": 1.0598076236045806e-17,
  "tp": 0,
  "fp": 0,
  "tn": 20,
  "fn": 22
}