{
  "auc": 0.8055555555555556,
  "precision": 0.6666666666666666,
  "recall": 0.16666666666666666,
  "f1": 0.26666666666666666,
  "threshold": 2.5673907444456745e-16,
  "tp": 2,
  "fp": 1,
  "tn": 8,
  "fn": 10
}