{
  "threshold_used": 0.02,
  "n_windows": 197,
  "before": {
    "precision": 0.9895833333333334,
    "recall": 1.0,
    "f1": 0.9947643979057592,
    "confusion_matrix": [
      [
        101,
        1
      ],
      [
        0,
        95
      ]
    ]
  },
  "after": {
    "precision": 0.9882352941176471,
    "recall": 0.8842105263157894,
    "f1": 0.9333333333333333,
    "confusion_matrix": [
      [
        101,
        1
      ],
      [
        11,
        84
      ]
    ]
  }
}