{
  "n_windows": 197,
  "n_attack_windows": 95,
  "threshold": 0.02,
  "before": {
    "precision": 0.9895833333333334,
    "recall": 1.0,
    "f1": 0.9947643979057592,
    "confusion": [
      101,
      1,
      0,
      95
    ]
  },
  "after": {
    "precision": 0.9545454545454546,
    "recall": 0.22105263157894736,
    "f1": 0.358974358974359,
    "confusion": [
      101,
      1,
      74,
      21
    ]
  }
}