log_file,n_windows,n_attack_windows,threshold_used,precision_before,recall_before,f1_before,tp_before,fp_before,fn_before,tn_before,precision_after,recall_after,f1_after,tp_after,fp_after,fn_after,tn_after,baseline_alerts,adversarial_alerts,baseline_alert_rate,adversarial_alert_rate,evasion_rate_given_alert,mean_score_drop
bb_query_constrained_mifgsm_eps0p03_log.jsonl,197,95,0.02,0.9895833333333334,1.0,0.9947643979057592,95,1,0,101,0.9895833333333334,1.0,0.9947643979057592,95,1,0,101,95,95,1.0,1.0,0.0,0.0
bb_query_constrained_mifgsm_log.jsonl,197,95,0.02,0.9895833333333334,1.0,0.9947643979057592,95,1,0,101,0.9895833333333334,1.0,0.9947643979057592,95,1,0,101,95,95,1.0,1.0,0.0,0.0
bb_surrogate_transfer_mifgsm_eps0p03_log.jsonl,197,95,0.02,0.9895833333333334,1.0,0.9947643979057592,95,1,0,101,0.9895833333333334,1.0,0.9947643979057592,95,1,0,101,95,95,1.0,1.0,0.0,0.0
bb_surrogate_transfer_mifgsm_log.jsonl,197,95,0.02,0.9895833333333334,1.0,0.9947643979057592,95,1,0,101,0.9895833333333334,1.0,0.9947643979057592,95,1,0,101,95,95,1.0,1.0,0.0,0.0
gb_mifgsm_adversarial_log.jsonl,197,95,0.02,0.9895833333333334,1.0,0.9947643979057592,95,1,0,101,0.9882352941176471,0.8842105263157894,0.9333333333333333,84,1,11,101,95,84,1.0,0.8842105263157894,0.11578947368421055,0.0
offensive_dt_adversarial_log.jsonl,197,95,0.02,0.9895833333333334,1.0,0.9947643979057592,95,1,0,101,0.8888888888888888,0.08421052631578947,0.15384615384615385,8,1,87,101,95,8,1.0,0.08421052631578947,0.9157894736842105,0.0
wb_pgd_adversarial_log.jsonl,197,95,0.02,0.9895833333333334,1.0,0.9947643979057592,95,1,0,101,0.9895833333333334,1.0,0.9947643979057592,95,1,0,101,95,95,1.0,1.0,0.0,0.0
