log_file,precision_before,recall_before,f1_before,precision_after,recall_after,f1_after,n_attack_windows,n_attacked_with_adv,mean_base_score_attack_windows,mean_adv_score_attack_windows,mean_score_drop,median_score_drop,std_score_drop,min_score_drop,max_score_drop,fraction_dropped_positive
bb_query_constrained_mifgsm_eps0p03_log.jsonl,0.9895833333333334,1.0,0.9947643979057592,0.9895833333333334,1.0,0.9947643979057592,95,0,,,,,,,,
bb_query_constrained_mifgsm_log.jsonl,0.9895833333333334,1.0,0.9947643979057592,0.9895833333333334,1.0,0.9947643979057592,95,0,,,,,,,,
bb_surrogate_transfer_mifgsm_eps0p03_log.jsonl,0.9895833333333334,1.0,0.9947643979057592,0.9895833333333334,1.0,0.9947643979057592,95,0,,,,,,,,
bb_surrogate_transfer_mifgsm_log.jsonl,0.9895833333333334,1.0,0.9947643979057592,0.9895833333333334,1.0,0.9947643979057592,95,0,,,,,,,,
gb_mifgsm_adversarial_log.jsonl,0.9895833333333334,1.0,0.9947643979057592,0.9882352941176471,0.8842105263157894,0.9333333333333333,95,12,0.008645085037146191,0.008645085037146191,0.0,0.0,0.0,0.0,0.0,0.0
offensive_dt_adversarial_log.jsonl,0.9895833333333334,1.0,0.9947643979057592,0.8888888888888888,0.08421052631578947,0.15384615384615385,95,95,0.008128004126906976,0.008128004126906976,0.0,0.0,0.0,0.0,0.0,0.0
wb_pgd_adversarial_log.jsonl,0.9895833333333334,1.0,0.9947643979057592,0.9895833333333334,1.0,0.9947643979057592,95,12,0.9978117517038129,0.9978117517038129,0.0,0.0,0.0,0.0,0.0,0.0
