eps,replaced,precision_before,recall_before,f1_before,precision_after,recall_after,f1_after
0.015,95,0.9895833333333334,1.0,0.9947643979057592,0.8888888888888888,0.08421052631578947,0.15384615384615385
0.018,95,0.9895833333333334,1.0,0.9947643979057592,0.8888888888888888,0.08421052631578947,0.15384615384615385
0.021,95,0.9895833333333334,1.0,0.9947643979057592,0.8888888888888888,0.08421052631578947,0.15384615384615385
0.024,95,0.9895833333333334,1.0,0.9947643979057592,0.8888888888888888,0.08421052631578947,0.15384615384615385
0.027,95,0.9895833333333334,1.0,0.9947643979057592,0.8888888888888888,0.08421052631578947,0.15384615384615385
0.03,95,0.9895833333333334,1.0,0.9947643979057592,0.8888888888888888,0.08421052631578947,0.15384615384615385
