threshold,combined_precision,combined_recall,combined_f1,baseline_n_windows,baseline_n_anoms,avg_attack_recall
-0.23634087899669706,0.536144578313253,0.9368421052631579,0.6819923371647509,102,77,0.938
-0.2350563611840733,0.536144578313253,0.9368421052631579,0.6819923371647509,102,77,0.938
-0.2350563611840733,0.536144578313253,0.9368421052631579,0.6819923371647509,102,77,0.938
-0.2345211942322343,0.5316455696202531,0.8842105263157894,0.6640316205533597,102,74,0.885
-0.2339414300344087,0.5316455696202531,0.8842105263157894,0.6640316205533597,102,74,0.885