{
  "auc": 0.7610526315789474,
  "precision": 0.0,
  "recall": 0.0,
  "f1": 0.0,
  "threshold": 1.5029752616080305e-17,
  "tp": 0,
  "fp": 0,
  "tn": 20,
  "fn": 95
}