{
  "per_attack": {
    "baseline": {
      "n_windows": 102,
      "n_anomalies_pred": 77,
      "precision": 1.0,
      "recall": 0.24509803921568626,
      "f1": 0.3937007874015748
    },
    "auth_bruteforce": {
      "n_windows": 12,
      "n_anomalies_pred": 11,
      "precision": 1.0,
      "recall": 0.9166666666666666,
      "f1": 0.9565217391304348
    },
    "fuzz": {
      "n_windows": 0,
      "n_anomalies_pred": 0,
      "precision": 0.0,
      "recall": 0.0,
      "f1": 0.0
    },
    "high_rate_pub": {
      "n_windows": 12,
      "n_anomalies_pred": 11,
      "precision": 1.0,
      "recall": 0.9166666666666666,
      "f1": 0.9565217391304348
    },
    "modbus_corrupt": {
      "n_windows": 12,
      "n_anomalies_pred": 12,
      "precision": 1.0,
      "recall": 1.0,
      "f1": 1.0
    },
    "modbus_replay": {
      "n_windows": 12,
      "n_anomalies_pred": 12,
      "precision": 1.0,
      "recall": 1.0,
      "f1": 1.0
    },
    "modbus_spoof": {
      "n_windows": 12,
      "n_anomalies_pred": 11,
      "precision": 1.0,
      "recall": 0.9166666666666666,
      "f1": 0.9565217391304348
    },
    "mqtt_replay": {
      "n_windows": 11,
      "n_anomalies_pred": 11,
      "precision": 1.0,
      "recall": 1.0,
      "f1": 1.0
    },
    "mqtt_spoof": {
      "n_windows": 12,
      "n_anomalies_pred": 9,
      "precision": 1.0,
      "recall": 0.75,
      "f1": 0.8571428571428571
    },
    "network_wide_mqtt_spoof": {
      "n_windows": 12,
      "n_anomalies_pred": 12,
      "precision": 1.0,
      "recall": 1.0,
      "f1": 1.0
    }
  },
  "combined": {
    "n_total": 197,
    "precision": 0.536144578313253,
    "recall": 0.9368421052631579,
    "f1": 0.6819923371647509,
    "roc_auc": 0.5089267285861714,
    "pr_auc": 0.46734336819213407
  }
}
