{
  "per_attack": {
    "baseline": {
      "n_windows": 102,
      "n_anomalies_pred": 65,
      "precision": 1.0,
      "recall": 0.3627450980392157,
      "f1": 0.5323741007194245
    },
    "auth_bruteforce": {
      "n_windows": 12,
      "n_anomalies_pred": 10,
      "precision": 1.0,
      "recall": 0.8333333333333334,
      "f1": 0.9090909090909091
    },
    "fuzz": {
      "n_windows": 0,
      "n_anomalies_pred": 0,
      "precision": 0.0,
      "recall": 0.0,
      "f1": 0.0
    },
    "high_rate_pub": {
      "n_windows": 12,
      "n_anomalies_pred": 5,
      "precision": 1.0,
      "recall": 0.4166666666666667,
      "f1": 0.5882352941176471
    },
    "modbus_corrupt": {
      "n_windows": 12,
      "n_anomalies_pred": 12,
      "precision": 1.0,
      "recall": 1.0,
      "f1": 1.0
    },
    "modbus_replay": {
      "n_windows": 12,
      "n_anomalies_pred": 6,
      "precision": 1.0,
      "recall": 0.5,
      "f1": 0.6666666666666666
    },
    "modbus_spoof": {
      "n_windows": 12,
      "n_anomalies_pred": 5,
      "precision": 1.0,
      "recall": 0.4166666666666667,
      "f1": 0.5882352941176471
    },
    "mqtt_replay": {
      "n_windows": 11,
      "n_anomalies_pred": 11,
      "precision": 1.0,
      "recall": 1.0,
      "f1": 1.0
    },
    "mqtt_spoof": {
      "n_windows": 12,
      "n_anomalies_pred": 6,
      "precision": 1.0,
      "recall": 0.5,
      "f1": 0.6666666666666666
    },
    "network_wide_mqtt_spoof": {
      "n_windows": 12,
      "n_anomalies_pred": 12,
      "precision": 1.0,
      "recall": 1.0,
      "f1": 1.0
    }
  },
  "combined": {
    "n_total": 197,
    "precision": 0.5075757575757576,
    "recall": 0.7052631578947368,
    "f1": 0.5903083700440529,
    "roc_auc": 0.5089267285861714,
    "pr_auc": 0.46734336819213407
  }
}
