{
  "auc": 0.6428571428571428,
  "precision": 0.0,
  "recall": 0.0,
  "f1": 0.0,
  "threshold": -2.3592239273284576e-16,
  "tp": 0,
  "fp": 0,
  "tn": 2,
  "fn": 7
}