attack_file,eps,replaced,precision_before,recall_before,f1_before,precision_after,recall_after,f1_after,precision_after_cm,recall_after_cm,f1_after_cm
attack_network_wide_mqtt_spoof.csv,0.015,12,0.9230769230769232,1.0,0.96,0.6666666666666666,0.1666666666666666,0.2666666666666666,0.6666666666666666,0.1666666666666666,0.2666666666666666
attack_network_wide_mqtt_spoof.csv,0.018,12,0.9230769230769232,1.0,0.96,0.6666666666666666,0.1666666666666666,0.2666666666666666,0.6666666666666666,0.1666666666666666,0.2666666666666666
attack_network_wide_mqtt_spoof.csv,0.021,12,0.9230769230769232,1.0,0.96,0.6666666666666666,0.1666666666666666,0.2666666666666666,0.6666666666666666,0.1666666666666666,0.2666666666666666
attack_network_wide_mqtt_spoof.csv,0.024,12,0.9230769230769232,1.0,0.96,0.6666666666666666,0.1666666666666666,0.2666666666666666,0.6666666666666666,0.1666666666666666,0.2666666666666666
attack_network_wide_mqtt_spoof.csv,0.027,12,0.9230769230769232,1.0,0.96,0.6666666666666666,0.1666666666666666,0.2666666666666666,0.6666666666666666,0.1666666666666666,0.2666666666666666
attack_network_wide_mqtt_spoof.csv,0.03,12,0.9230769230769232,1.0,0.96,0.6666666666666666,0.1666666666666666,0.2666666666666666,0.6666666666666666,0.1666666666666666,0.2666666666666666
