{
  "auc": 0.7857142857142857,
  "precision": 0.0,
  "recall": 0.0,
  "f1": 0.0,
  "threshold": -4.597017211338539e-17,
  "tp": 0,
  "fp": 0,
  "tn": 6,
  "fn": 7
}