start_ts,end_ts,total_pkts,total_bytes,unique_src,unique_dst,tcp_syn_count,udp_count,avg_pkt_len
1772549820.018305,1772549830.018305,7,648,0,0,0,0,92.57142857142857
1772549830.018305,1772549840.018305,1,76,0,0,0,0,76.0
1772549840.018305,1772549850.018305,0,0,0,0,0,0,0
1772549850.018305,1772549860.018305,1,76,0,0,0,0,76.0
