start_ts,end_ts,total_pkts,total_bytes,unique_src,unique_dst,tcp_syn_count,udp_count,avg_pkt_len
1772549783.18629,1772549793.18629,7,648,0,0,0,0,92.57142857142857
1772549793.18629,1772549803.18629,1,76,0,0,0,0,76.0
1772549803.18629,1772549813.18629,1,76,0,0,0,0,76.0
