{
  "auc": 0.5,
  "precision": 0.6666666666666666,
  "recall": 0.2857142857142857,
  "f1": 0.4,
  "threshold": -1.0061396160665481e-16,
  "tp": 2,
  "fp": 1,
  "tn": 1,
  "fn": 5
}