attack_file,eps,replaced,precision_before,recall_before,f1_before,precision_after,recall_after,f1_after,precision_after_cm,recall_after_cm,f1_after_cm
attack_modbus_replay.csv,0.015,12,0.9230769230769232,1.0,0.96,0.5,0.0833333333333333,0.1428571428571428,0.5,0.0833333333333333,0.1428571428571428
attack_modbus_replay.csv,0.018,12,0.9230769230769232,1.0,0.96,0.5,0.0833333333333333,0.1428571428571428,0.5,0.0833333333333333,0.1428571428571428
